#name	alignment	attribute1=value;attribute2=value;etc...
C1	GGCGAGCCAGTCTGGAGGCACGGCCCGGCGCCGCCTGCCTTGGGGTCCCGCTGACCGACGCACCCGCGCTCCCGACGGGGAACGCTCGCCGACCACGCAGTACCCACCGTT	isolation_time=20110831;antibiotic_collistin=y;antibiotic_aztreonam=y;morphotype=RMOS
C2	GGCGAGCCAGTCTGAAGGCACGGCCCTGCGCCGCCTGCCTTGGGGTCCCGCTGACCGACGCACCCGCGCTCCCGACGGGGAACGCTCGCCGACCACGCAGTACCCACCGTT	isolation_time=20110831;antibiotic_collistin=y;antibiotic_aztreonam=y;morphotype=RMOS
C3	GGCGAGCCAGTCTGAAGGCACGGCCCGGCGCCGCCTGCCTTGGGGTCCCGCTGACCGACGCACCCGCGCTTCCGACGGGGAACGCTCGCCGACCACGCAGTACCCACCGTT	isolation_time=20110831;antibiotic_collistin=y;antibiotic_aztreonam=y;morphotype=RMOS
C4	GGCGAGCCAGTCTGGAGGCACGGCCCGGCGCCGCCTGCCTTGGGGTCCCGCTGACCGACGCACCCGCGCTCCCGACGGGGAACGCTCGCCGACCACGCAGTACCCACCGTT	isolation_time=20110831;antibiotic_collistin=y;antibiotic_aztreonam=y;morphotype=RMOS
C5	GGCGAGCCAGTCTGGAGGCACGGCCCGGCGCCGCCTGCCTTGGGGTCCCGCTGACCGACGCACCCGCGCTCCCGACGGGGAACGCTCGCCGACCACGCAGTACCCACCGTT	isolation_time=20110831;antibiotic_collistin=y;antibiotic_aztreonam=y;morphotype=RMOS
C6	GGCGAGCCAGTCTAAAGGCACGGTCCGGCGCCGCCTGCCTTGGGGTCCCGCTGACCGACGCACCCGCGCTCCCGACGGGGAACGCTCGCCGACCACGCAGTACCCACCGTT	isolation_time=20110831;antibiotic_collistin=y;antibiotic_aztreonam=y;morphotype=RMOS
C7	GGCGAGCCAGTCTGAAGGCACGGCCCGGCGCCGCCTGCCTTGGGGTCCCGCTGACCGACGCACCCGCGCTCCCGACGGGGAACGCTCGCCGACCACGCAGTACCCACCGTT	isolation_time=20110831;antibiotic_collistin=y;antibiotic_aztreonam=y;morphotype=RMOS
C8	GGCGAGCCAGTCTGAAGGCACGGCCCGGCGCCGCCTGCCTTGGGGTCCCGCTGACCGACGCACCCGCGCTCCCGACGGGGAACGCTCGCCGACCACGCAGTACCCACCGTT	isolation_time=20110831;antibiotic_collistin=y;antibiotic_aztreonam=y;morphotype=RMOS
C9	GGCGAGCCAGTCTGAAGGCACGGTCCGGCGCCGCCTGCCTTGGGGTCCCGCTGACCGACGCACCCGCGCTCCCGACGGGGAACGCTCGCCGACCACGCAGTACCCACCGTT	isolation_time=20110831;antibiotic_collistin=y;antibiotic_aztreonam=y;morphotype=RMOS
C10	GGCGAGCCAGTCTGAAGGCACGGCCCGGCGCCGCCTGCCTTGGGGTCCCGCTGACCGACGCACCCGCGCTCCCGACGGGGAACGCTCGCCGACCACGCAGTACCCACCGTT	isolation_time=20110831;antibiotic_collistin=y;antibiotic_aztreonam=y;morphotype=RMOS
C11	GGCGAGCCAGTCTGAAGGCACGGCCCGGCGCCGCCTGCCTTGGGGTCCCGCTGACCGACGCACCCGCGCTCCCGACGGGGAACGCTCGCCGACCACGCAGTACCCACCGTT	isolation_time=20110831;antibiotic_collistin=y;antibiotic_aztreonam=y;morphotype=RMOS
C12	GGCGAGCCGGTCTGAAGGCACGGCCCGGCGCCGCCTGACTTGGGGTCCCGCCGACCGACGCGCCCGCGCTCCCGCCGGGGGGCGCTCGCCGACCACGCAGCGCCCACCGTT	isolation_time=20110831;antibiotic_collistin=y;antibiotic_aztreonam=y;morphotype=RMOS
C13	GGCGAGCCGGTCTGAAGGCACGGCCCGGCGCCGCCTGACTTGGGGTCCCGCCGACTGACGCGCCCGCGCTCCCGCCGGGGGGCGCTCGCCGACCACGCAGCGCCCACCGTT	isolation_time=20110831;antibiotic_collistin=y;antibiotic_aztreonam=y;morphotype=GMOS
C14	GGCGAGCCAGTCTGAAGGCACGGCCCGGCGCCGCCTGCCTTGGGGTCCCGCTGACCGACGCACCCGCGCTTCCGACGGGGAACGCTCGCCGACCACGCAGTACCCACCGTT	isolation_time=20110831;antibiotic_collistin=y;antibiotic_aztreonam=y;morphotype=GMOS
C15	GGCGAGCCAGTCTGAAGGCACGGCCCGGCGCCGCCTGCCTTGGGGTCCCGCTGACCGACGCACCCGCGCTTCCGACGGGGAACGCTCGCCGACCACGCAGTACCCACCGTG	isolation_time=20110831;antibiotic_collistin=y;antibiotic_aztreonam=y;morphotype=GMOS
C16	GGCGAGCCAGTCTGGAGGCACGGCCCGGCGCCGCCTGCCTTGGGGTCCCGCTGACCGACGCACCCGCGCTCCCGACGGGGAACGCTCGCCGACCACGCAGTACCCACCGTT	isolation_time=20110831;antibiotic_collistin=y;antibiotic_aztreonam=y;morphotype=RMOS
C17	GGCGAGCCAGTCTGGAGGCACGGCCCGGCGCCGCCTGCCTTGGGGTCCCGCTGACCGACGCACCCGCGCTCCCGACGGGGAACGCTCGCCGACCACGCAGTACCCACCGTT	isolation_time=20110831;antibiotic_collistin=y;antibiotic_aztreonam=y;morphotype=RMOS
C18	GGCGAGCCAGTCTGAAGGCACGGCCCGGCGCCGCTTGCCTTGGGGTCCCGCTGACCGACGCACCCGCGCTCCCGATGGGGAACGCTCGCCGACCACGCAATACCCACCGTT	isolation_time=20110831;antibiotic_collistin=y;antibiotic_aztreonam=y;morphotype=RMOS
C19	GGCGAGCCAGTCTGAAGGCACGGCCCGGCGCCGCCTGCCTTGGGGTCCCGCTGACCGACGCACCCGCGCTCCCGACGGGGAACGCTCGCCGACCACACAGTACCCACCGTT	isolation_time=20110831;antibiotic_collistin=y;antibiotic_aztreonam=y;morphotype=RMOS
C20	GGCGAGCCAGTCTGGAGGCACGGCCCGGCGCCGCCTGCCTTGGGGTCCCGCTGACCGACGCACCCGCGCTCCCGACGGGGAACGCTCGCCGACCACGCAGTACCCACCGTT	isolation_time=20110831;antibiotic_collistin=y;antibiotic_aztreonam=y;morphotype=RMOS
C21	GGCGAGCCAGTCTGAAGGCACGGCCCGGCGCCGCCTGCCTTGGGGTCCCGCTGACCGACGCACCCGCGCTCCCGACGGGGAACGCTCGCCGACCACACAGTACCCACCGTT	isolation_time=20110913;antibiotic_collistin=y;antibiotic_aztreonam=y;morphotype=GMOS
C22	GGCGAGCCAGTCTGAAGGCACGGCCCGGCGCCGCTTGCCTTGGGGTCCCGCTGACCGACGCACCCGCGCTCCCGATGGGGAACGCTCGCCGACCACGCAGTACCCACCGTT	isolation_time=20110913;antibiotic_collistin=y;antibiotic_aztreonam=y;morphotype=RMOS
C23	GGCGAGCCAGTCTGAAGGCACGGCCCGGCGCCGCCTGCCTTGGGGTCCCGCTGACCGACGCACCCGCGCTCCCGACGGGGAACGCTCGCCGACCACACAGTACCCACCGTT	isolation_time=20110913;antibiotic_collistin=y;antibiotic_aztreonam=y;morphotype=GMOS
C24	GGCGAGCCAGTCTGAAGGCACGGCCCGGCGCCGCCTGCCTTGGGGTCCCGCTGACCGACGCACCCGCGCTCCCGACGGGGAACGCTCGCCGACCACGCAGTACCCACCGTT	isolation_time=20110913;antibiotic_collistin=y;antibiotic_aztreonam=y;morphotype=RMOS
C25	GGCGAGCCAGTCCGAAGGCACGGCCCGGCGCCGCCTGCCTTGGGGTCCCGCTGACCGACGCACCCGCGCTCCCGACGGGGAACGCTCGCCGACCACGCAGTACCCACCGTT	isolation_time=20110913;antibiotic_collistin=y;antibiotic_aztreonam=y;morphotype=RMOS
C26	GGCGAGCCAGTCTGAAGGCACGGCCCGGCGCCGCCTGCCTTGGGGTCCCGCTGACCGACGCACCCGCGCTCCCGACGGGGAACGCTCGCCGACCACGCAGTACCCACCGTG	isolation_time=20110811;antibiotic_azithromycin=y;antibiotic_aztreonam=y;antibiotic_ciprofloxacin=y;morphotype=RMOS
C27	GGCGAGCCAGTCTGAAGGCACGGCCCGGCGCCGCTTGCCTTGGGGTCCCGCTGACCGACGCACCCGCGCTCCCGATGGGGAACGCGCGCCGACCACGCAATACCCACCGTT	isolation_time=20110811;antibiotic_azithromycin=y;antibiotic_aztreonam=y;antibiotic_ciprofloxacin=y;morphotype=RMOS
C28	GGCGAGCCAGTCTGAAGGCACGGCCCGGCGCCGCCTGCCTTGGGGTCCCGCTGACCGACGCACCCGCGCTTCCGACGGGGAACGCTCGCCGACCACGCAGTACCCACCGTG	isolation_time=20110811;antibiotic_azithromycin=y;antibiotic_aztreonam=y;antibiotic_ciprofloxacin=y;morphotype=RMOS
C29	GGCGAGCCAGTCTGAAGGCACGGCCCGGCGCCGCCTGCCTTGGGGTCCCGCTGACCGACGCACCCGCGCTCCCGACGGGGAACGCTCGCCGACCACGCAGTACCCACCGTT	isolation_time=20110628;antibiotic_collistin=y;antibiotic_azithromycin=y;antibiotic_aztreonam=y;morphotype=BNMOSH
C30	GGCGAGCCGGTCTGAAGGCACAGCCCGGCGCCGCCTGATTTGGGGTCCCGCCGATTGACGCGCCCGCGCTCCCGACGGGGAGCGCTCGCCGACCACGCAGCGCCCATCGTT	isolation_time=20110628;antibiotic_collistin=y;antibiotic_azithromycin=y;antibiotic_aztreonam=y;morphotype=WNMOS
C31	GGCGAGCCAATCTGAAGGCACGGCTCGGCGCCACCTGACTCGGGGTCCCGTCGCCTGATGCGCCCGCGCTCTCGACGGGGGGCGCTCACCGACCACGCGGTACCCCCCGTT	isolation_time=20110818;antibiotic_azithromycin=y;antibiotic_aztreonam=y;antibiotic_ciprofloxacin=y;morphotype=TMOS
C32	GGCGAGCCAGTCTGGAGGCACGGCCCGGCGCCGCCTGCCTTGGGGTCCTGCTGACCGACGCACCCGCGCTCCCGACGGGGAACGCTCGCCGACCACGCAGTACCCACCGTT	isolation_time=20110818;antibiotic_azithromycin=y;antibiotic_aztreonam=y;antibiotic_ciprofloxacin=y;morphotype=TMOS
C33	GGCGAGCCAGTCTGGAGGCACGGCCCGGCGCCGCCTGCCTTGGGGTCCCGCTGACCGACGCACCCGCGCTCCCGACGGGGAACGCTCGCCGACCACGCAGTACCCACCGTT	isolation_time=20111101;antibiotic_azithromycin=y;antibiotic_aztreonam=y;antibiotic_ciprofloxacin=y;antibiotic_flagyl=y;morphotype=WMOS
C34	GGCGAGCCAGTCTGAAGGCACGGCCCGGCGCCGATTGCCTTGGGGTCCCGCTGACCGACGCACCCGCGCTCCCGATGGGGAACGCTCGCCGACCACGCAATACCCACCGTT	isolation_time=20111101;antibiotic_azithromycin=y;antibiotic_aztreonam=y;antibiotic_ciprofloxacin=y;antibiotic_flagyl=y;morphotype=WMOS
C35	GGCGAGCCAGTCTGGAGGCACGGCCCGGCGCCGCCTGCCTTGGGGTCCCGCTGACCGACGCACCCGCGCTCCCGACGGGGAACGCTCGCCGACCACGCAGTACCCACCGTT	isolation_time=20110818;antibiotic_azithromycin=y;antibiotic_aztreonam=y;antibiotic_ciprofloxacin=y;morphotype=WMOS
C36	GGCGAGCCAGTCCGAAGGCACGGCCCGGCGCCGCCTGCCTTGGGGTCCCGCTGACCGACGCACCCGCGCTCCCGACGGGGAACGCTCGCCGACCACGCAGTACCCACCGTT	isolation_time=20110913;antibiotic_collistin=y;antibiotic_aztreonam=y;morphotype=RMOS
C37	GGCGAGCCAGTCCGAAGGCACGGCCCGGCGCCGCCTGCCTTGGGGTCCCGCTGACCGACGCACCCCCGCTCCCGACGGGGAACGCTCGCCGACCACGCAGTACCCACCGTT	isolation_time=20110913;antibiotic_collistin=y;antibiotic_aztreonam=y;morphotype=RMOS
C38	GGCGAGCCAGTCTGAAGGCACGGCCCGGCGCCGCCTGCCTTGGGGTCCCGCTGACCGACGCACCCGCGCTCCCGACGGGGAACGCTCGCCGACCACGCAGTACCCACCGTT	isolation_time=20110913;antibiotic_collistin=y;antibiotic_aztreonam=y;morphotype=RMOS
C39	GGCGAGCCAGTCTGAAGGCACGGCCCGGCGCCGCCTGCCTTAGGGTCCCGCTAACCGACGCACCCGCGCTCCCGATGGGGAACGCTCGCCGACCACGCAGTACCCACCGTT	isolation_time=20110913;antibiotic_collistin=y;antibiotic_aztreonam=y;morphotype=RMOS
C40	GGCGAGCCAGTCCGAAGGCACGGCCCGGCGCCGCCTGCCTTGGGGTCCCGCTGACCGACGCACCCGCGCTCCCGACGGGGAACGCTCGCCGACCACGCAGTACCCACCGTT	isolation_time=20110913;antibiotic_collistin=y;antibiotic_aztreonam=y;morphotype=RMOS
C41	GGCGAGCCAGTCTGAAGGCACGGCCCGGCGCCGCCTGCCTTAGGGTCCCGCTAACCGACGCACCCGCGCTCCCGATGGGGAACGCTCGCCGACCACGCAGTACCCACCGTT	isolation_time=20110913;antibiotic_collistin=y;antibiotic_aztreonam=y;morphotype=RMOS
C42	GGCGAGCCAGTCCGAAGGCACGGCCCGGCGCCGCCTGCCTTGGGGTCCCGCTGACCGACGCACCCGCGCTCCCGACGGGGAACGCTCGCCGACCACGCAGTACCCACCGTT	isolation_time=20110913;antibiotic_collistin=y;antibiotic_aztreonam=y;morphotype=RMOS
C43	GGCGAGCCAGTCTGAAGGCACGGCCCGGCGCCGCCTGCCTTAGGGTCCCGCTAACCGACGCACCCGCGCTCCCGATGGGGAACGCTCGCCGACCACGCAGTACCCACCGTT	isolation_time=20110913;antibiotic_collistin=y;antibiotic_aztreonam=y;morphotype=RMOS
C44	GGCGAGCCAGTCTGAAGGCACGGCCCGGCGCCGCCTGCCTTGGGGTCCCGCTGACCGACGCACCCGCGCTCCCGACGGGGAACGCTCGCCGACCACGCAGTACCCACCGTT	isolation_time=20110913;antibiotic_collistin=y;antibiotic_aztreonam=y;morphotype=RMOS
C45	GGCGAGCCGGTCTGAAGGCACGGCCCGGCGCCGCCTGACTTGGGGTCCCGCCGATTGACGCGCCCGCGCTCCCGACGGGGGGCGCTCGCCGACCACGCAGCGCCCACCGTT	isolation_time=20110913;antibiotic_collistin=y;antibiotic_aztreonam=y;morphotype=RMOS
C46	GGCGAGCCGGTCTGAAGGCACGGCCCGGCGCCGCCTGACTTGGGGTCCCGCCGACTGACGCGCCCGCGCTCCCGCCGGGGAGCGCTCGCCGACCACGTAGCGCCCACCGTT	isolation_time=20110913;antibiotic_collistin=y;antibiotic_aztreonam=y;morphotype=RMOS
C47	GGCGAGCCAGTCCGAAGGCACGGCCCGGCGCCGCCTGCCTTGGGGTCCCGCTGACCGACGCACCCGCGCTCCCGACGGGGAACGCTCGCCGACCACGCAGTACCCACCGTT	isolation_time=20110913;antibiotic_collistin=y;antibiotic_aztreonam=y;morphotype=GMOS
C48	GGCGAGCCAGTCTGAAGGCATGGCCCGGCGCCGCCTGCCTTGGGGTCCCGCTGACCGACGCACCCGCGCTTCCGACGGGGAACGCTCGCCGACCACGCAGTACCCACCGTT	isolation_time=20110913;antibiotic_collistin=y;antibiotic_aztreonam=y;morphotype=GMOS
C49	GGCGAGCCAGTCTGAAGGCACGGCCCGGCGCCGCCTGCCTTGGGGTCCCGCTGACCGACGCACCCGCGCTCCCGACGGGGAACGCTCGCCGACCACGCAGTACCCACCGTT	isolation_time=20110913;antibiotic_collistin=y;antibiotic_aztreonam=y;morphotype=GMOS
C50	GGCGAGCCAGTCTGGAGGCACGGCCCGGCGCCGCCTGCCTTGGGGTCCTGCTGACCGACGCACCCGCGCTCCCGACGGGGAACGCTCGCCGACCACGCAGTACCCACCGTT	isolation_time=20110913;antibiotic_collistin=y;antibiotic_aztreonam=y;morphotype=RMOS
C51	GGCGAGCCGGTCTGAAGGCACGGCCCGGCGCCGCCCGACTTGGGGTCCCACCGACTGACGCGCCCGCGCTCCCGACGGGGGGCGCTCGTCGACCACGCAGTACCCACCGTT	isolation_time=20101116;antibiotic_collistin=y;antibiotic_azithromycin=y;morphotype=WMOSH
C52	GACGAGCCGGTCTGAAGGCACGGCCCGGCGCCGCCTGCCTTGGGGTCCCGCCGACTGACGCGCCCGTGCTCCCGACGGAGAGCGCTCGCCGACCACGCAGTACCCACCGTT	isolation_time=20101116;antibiotic_collistin=y;antibiotic_azithromycin=y;morphotype=WMOSH
C53	GACGAGCCGGTCTGAAGGCACGGCCCGGCGCCGCCTGACTTGGGGTCCCGCCGACTGACGCGCCTGTGCTCCCGACGGGGGGCGCTCGCCGACCATGCAGTACCCACCGTT	isolation_time=20101116;antibiotic_collistin=y;antibiotic_azithromycin=y;morphotype=WMOSH
C54	GACGAGCCGGTCTGAAGGCACGGCCCGGCGCCGCCTGACTTGGGGTCCCGCCGACTGACGCGCCCGTGCTCCCGACGGAGGGCGCTCGCCGACCACGCAGTACCCACCGTG	isolation_time=20101116;antibiotic_collistin=y;antibiotic_azithromycin=y;morphotype=WMOSH
C55	GGCGAGCCGGTCTGAAGGCACGGCCCGGCGCCGCCTGACTTGGGGTCCCGCCGACCGACGCGCCCGCGCTCCCGACGGGGAGCGCTCGCCGACCACGCAGTACCCACCGTT	isolation_time=20101116;antibiotic_collistin=y;antibiotic_azithromycin=y;morphotype=WMOSH
C56	GACGAGCCGGTCTGAAGGCACGGCCCGGCGCCGCCTGACTTGGGGTCCCGCCGACTGACGCGCCCGTGCTCCCGACGGAGGGCGCTCGCCGACCACGCAGTACCCACCGTT	isolation_time=20101116;antibiotic_collistin=y;antibiotic_azithromycin=y;morphotype=TMOS
C57	GGCGAGCCGGTCTGAAGGCACGGCCCGGCGCCGCCTGACTTGGGATCCCGCCGATTGACGCACCCGCGCTCCCGACGGGGGGCGCTCGCCGACCACGCAGTACCCACGGTT	isolation_time=20101116;antibiotic_collistin=y;antibiotic_azithromycin=y;morphotype=TMOS
C58	GACGAGCCGGTCTGAAGGCACGGCCCGGCGCCGCCTGACTTGGGGTCCCGCCGACCGACACGCCCGTGTTCCCGACGGGGGGCGCTCGCCGACCACGCAGTACCCACCGTT	isolation_time=20101116;antibiotic_collistin=y;antibiotic_azithromycin=y;morphotype=TMOS
C59	GGCGAGCCGGCCTGAAGGCACGGCCCGATGCCGCCTGACTTGGGGTTCCGCCGACTGACGCGCCCGCGCCCCCGACGGGGGGCGCTCGCCGACCACGCAGTATCCACCGTG	isolation_time=20101116;antibiotic_collistin=y;antibiotic_azithromycin=y;morphotype=TMOS
C60	GACGAGCCGGTCTGAAGGCACGGCCCGGCGCCGCCTGACTTGGGGTCCCGCCGACCGACGCGCCCGTGCTCCCGACGGAGGGCGCTCGCCGACCACGCAGTACCCACCGTT	isolation_time=20101116;antibiotic_collistin=y;antibiotic_azithromycin=y;morphotype=WMOS
C73	GGCGAGCCGGTCTGAAGGCACGGCCCGGCGCCGCCTGACTTGGGGTCCCGCCGATTGACGCGCCCGCGCTCCCGACGGGGGGCGCTCGCCGACCACGCAGCGCCTACCGTT	isolation_time=20110628;antibiotic_collistin=y;antibiotic_azithromycin=y;antibiotic_aztreonam=y;morphotype=WNMOS
C74	GGCGAGCCAGTCTGAAGGCACGGCCCGGCGCCGCCTGCCTTGCGGTCCCGCTGACCGACGCACCCGCGCTCCCGACGGGGAACGCTCGCCGACCACGCAGTACCCACCGTT	isolation_time=20110628;antibiotic_collistin=y;antibiotic_azithromycin=y;antibiotic_aztreonam=y;morphotype=WNMOS
C77	AGCGAGCCAGTCTGAAGGCACGGCCCGGCGCCGCCTGCCTTGGGGTCCCGCTGACCGACGCACCCGCGCTCCCGACGGGGAACGCTCGCCGACCACGCAGTACCCACCGTT	isolation_time=20110628;antibiotic_collistin=y;antibiotic_azithromycin=y;antibiotic_aztreonam=y;morphotype=TMOS
C78	GGTAAGCCAGTCTGAAGGCACGGCCCGGCGCCGCCTGCCTTGGGGTCCCGCTGACCGACGCACCCGCGCTCCCGACGGGGAACGCTCGCCGACCACGCAGTACCCACCGTT	isolation_time=20110628;antibiotic_collistin=y;antibiotic_azithromycin=y;antibiotic_aztreonam=y;morphotype=TMOS
C79	GGCGAGCCAGTCTGAAGGCACGGCCCGGCGCCGCCTGCCTTGGGGTCCCGCTGACCGACGCACCCGCGCTTCCGACGGGGAACGCTCGCCGACCACGCAGTACCCACCGTT	isolation_time=20110628;antibiotic_collistin=y;antibiotic_azithromycin=y;antibiotic_aztreonam=y;morphotype=TMOS
C80	GGCGAGCCAGTCTGGAGGCACGGCCCGGCGCCGCCTGCCTTGGGGTCCCGCTGACCGACGCACCCGCGCTCCCGACGGGGAACGCTCGCCGACCACGCAGTACCCACCGTT	isolation_time=20110628;antibiotic_collistin=y;antibiotic_azithromycin=y;antibiotic_aztreonam=y;morphotype=BMOSH
C81	GGCGAGCCAGTCTGAAGGCACGGCCCGGCGCCGCCTGCCTTGGGGTCCCGCTGACCGACGCACCCGCGCTTCCGACGGGGAACGCTCGCCGACCACGCAGTACCCACCGTT	isolation_time=20110628;antibiotic_collistin=y;antibiotic_azithromycin=y;antibiotic_aztreonam=y;morphotype=BMOSH
C82	GGCAAGCCAGTCTGGAGGCACGGCCCGGCGCCGCCTGCCTTGCGGTCCCGCTGACCGACGCACCCGCGCTCCCGACGGGGAACGCTCGCCGACCACGCAGTACCCACCGTT	isolation_time=20110628;antibiotic_collistin=y;antibiotic_azithromycin=y;antibiotic_aztreonam=y;morphotype=BMOSH
C83	GGCGAGCCAGTCTGAAGGCACGGCCCGGCGCCGCCTGCCTTGGGGTCCCGCTGACCGACGCACCCGCGCTTCCGACGGGGAACGCTCGCCGACCACGCAGTACCCACCGTT	isolation_time=20110628;antibiotic_collistin=y;antibiotic_azithromycin=y;antibiotic_aztreonam=y;morphotype=BMOSH
C84	GGCGAGCCAGTCTGAAGGCACGGCCTGGCGCCGCCTGCCTTGGGGTCCCGCTGACCGACGCACCCGCGCTCCCGACGGGGAACGCTCGCCGACCACGCAGTACCCACCGTT	isolation_time=20110628;antibiotic_collistin=y;antibiotic_azithromycin=y;antibiotic_aztreonam=y;morphotype=BMOSH
C85	GGCGAGCCAGTCTGAAGGCACGGCCCGGCGCCGCCTGCCTTGGGGTCCCGCTGACCGACGCACCCGCGCTTCCGACGGGGAACGCTCGCCGACCACGCAGTACCCACCGTT	isolation_time=20110628;antibiotic_collistin=y;antibiotic_azithromycin=y;antibiotic_aztreonam=y;morphotype=BMOSH
C86	GGCGAGCCGGTCTGAAGGCACGGCCCGGCGCCGCCTGACTTGGGGTCCCGCCGATTGACGCGCCCGCGCTCCCGACGGGGGGCGCTCGCCAACCACGCAGCGCCCACCGTT	isolation_time=20110628;antibiotic_collistin=y;antibiotic_azithromycin=y;antibiotic_aztreonam=y;morphotype=TMOS
C87	GGCGAGCCAGTCTGAAGGCACGGCCCGGCGCCGCCTGCCTTGGGGTCCCGCTGACCGACGCACCCGCGCTCCCGACGGGGAACGCTCGCCGACCACGCAGTACCCACCGTT	isolation_time=20110628;antibiotic_collistin=y;antibiotic_azithromycin=y;antibiotic_aztreonam=y;morphotype=TMOSH
C88	GGCGAGGCAGTCTGAAGGCACGGCCCGGCACCGCCTGCCTTGGGGTCCCGCTGACCGACGCACCCGCGCTCCCGACGGGGAACGCTCGCCGACCACGCAGTACCCACCGTT	isolation_time=20110628;antibiotic_collistin=y;antibiotic_azithromycin=y;antibiotic_aztreonam=y;morphotype=TMOS
C89	GGCGAGCCAGTCTGAAGGCACGGCCCGGCGCCGCCTGCCTTGGGGTCCCGCTGACCGACGCACCCGCGCTTCCGACGGGGAACGCTCGCCGACCACGCAGTACCCACCGTT	isolation_time=20110706;antibiotic_azithromycin=y;antibiotic_aztreonam=y;antibiotic_chloramphenicol=y;morphotype=RMOS
C91	GGCGAGCCGGTCTGAAGGCACGGCCCGGCGCCGCCTGACTTGGGGTCCCGCCGATTGACGCGCCCGCGCTCCCGACGAGGGGCGCTCGCCGACCACGCAGCGCCCACCGTT	isolation_time=20110706;antibiotic_azithromycin=y;antibiotic_aztreonam=y;antibiotic_chloramphenicol=y;morphotype=TMOS
C93	GGCGAGCCAGTCTGAAGGCACGGCCCGGCGCCGCCTGCCTTGGGGTCCCGCTGACCGACGCACCCGCGCTTCCGACGGGGAACGCTCGCCGACCACGCAGTACCCACCGTT	isolation_time=20110706;antibiotic_azithromycin=y;antibiotic_aztreonam=y;antibiotic_chloramphenicol=y;morphotype=TMOS
C94	GGCGAGCCAGTCTAAAGGCACGGTCCGGCGCCGCCTGCCTTGGGGTCCCGCTGACCGACGCACCCGCGCTCCCGACGGGGAACGCTCGCCGACCACGCAGTACCCACCGTT	isolation_time=20110706;antibiotic_azithromycin=y;antibiotic_aztreonam=y;antibiotic_chloramphenicol=y;morphotype=TMOS
C95	GGCGAGCCGGTCTGAAGGCACGGCCCGGCGCCGCCTGACTTGGGGTCCCGCCGACTGACGCGTCCGCGCTCCCGCCGGGGGGCGCTCGCCGACCACGCAGCGCCCACCGTT	isolation_time=20110706;antibiotic_azithromycin=y;antibiotic_aztreonam=y;antibiotic_chloramphenicol=y;morphotype=BMOS
C96	GGCGAGCCGGTCTGAAGGCACGGCCCGGCGCCGCCTGACTTGGGGTCCCGCCGACTGACGCGCCCGCGCTCCCGCCGGGGGGCGCTCGCCGACCACGCAGCGCCCACCGTT	isolation_time=20110706;antibiotic_azithromycin=y;antibiotic_aztreonam=y;antibiotic_chloramphenicol=y;morphotype=BMOS
C97	GGCGAGCCGGTCTGAAGGCACGGCCCGGCGCCGCCTGACTTGGGGTCCCGCCGACTGACGCGCCCGCGCTCCCGCCGGGGGGCGCTCGCCGACCACGCAGCGCCCACCGTT	isolation_time=20110706;antibiotic_azithromycin=y;antibiotic_aztreonam=y;antibiotic_chloramphenicol=y;morphotype=BMOS
C98	GGTAAGCCGGTCTGAAGGCACGGCCCGGCGCCGCCTGACTTGGGGTCCCGCCGACTGACGCGTCCGCGCTCCCGCCGGGGGGCGCTCGCCGACCACGCAGCGCCCACCGTT	isolation_time=20110706;antibiotic_azithromycin=y;antibiotic_aztreonam=y;antibiotic_chloramphenicol=y;morphotype=BMOS
C99	GGCGAGCCGGTCTGAAGGCACGGCCCGGCGCCGCCTGACTTGGGGTCCCGCCGACTGACGCGCCCGCGCTCCCGCCGGGGGGCGCTCGCCGACCACGCAGCGCCCACCGTT	isolation_time=20110706;antibiotic_azithromycin=y;antibiotic_aztreonam=y;antibiotic_chloramphenicol=y;morphotype=BMOS
C100	GGTAAGCCGGTCTGAAGGCACGGCCCGGCGCCGCCTGACTTGCGGTCCCGCCGACTGACGCGCCCGCGCTCCCGCCGGGGGGCGCTCGCCGACCACGCAGCGCCCACCGTT	isolation_time=20110706;antibiotic_azithromycin=y;antibiotic_aztreonam=y;antibiotic_chloramphenicol=y;morphotype=WMOS
C101	GGCGAGCCAGTCTGAAGGCACGGCCTGGCGCCGCCTGCCTTGGGGTCCCGCTGACCGACGCACCCGCGCTCCCGACGGGGAACGCTCGCCGACCACGCAGTACCCACCGTT	isolation_time=20110706;antibiotic_azithromycin=y;antibiotic_aztreonam=y;antibiotic_chloramphenicol=y;morphotype=WMOS
C103	GGCGAGCCAGTCTGAAGGCACGGCCCGGCACCGCCTGCCTTGGGGTCCCGCTGACCGACGCACCCGCGCTCCCGACGGGGAATGTTCGCCGACCACGCAGTACTCACCGTT	isolation_time=20110706;antibiotic_azithromycin=y;antibiotic_aztreonam=y;antibiotic_chloramphenicol=y;morphotype=WMOS
C104	GGCGAGCCAGTCTAAAGGCACGGTCCGGCGCCGCCTGCCTTGGGGTCCCGCTGACCGACGCACCCGCGCTCCCGACGGGGAACGCTCGCCGACCACGCAGTACCCACCGTT	isolation_time=20110706;antibiotic_azithromycin=y;antibiotic_aztreonam=y;antibiotic_chloramphenicol=y;morphotype=WMOS
C105	GGCGAGCCGGTCTGAAAGCACGGCCCGGCGCCGCCTGACTTGGGGTCCCGCCGATTGACGCGCCCGCGCTCCCGACGGGGGGCGCTTGCCGACCACGCAGCGCCCACCGTT	isolation_time=20110706;antibiotic_azithromycin=y;antibiotic_aztreonam=y;antibiotic_chloramphenicol=y;morphotype=TMOSH
C106	GGCGAGCCGGTCTGAAAGCACGGCCCGGCGCCGCCTGACTTGGGGTCCCGCCGATTGACGCGCCCGCGCTCCCGACGGGGGGCGCTTGCCGACCACGCAGCGCCCACCGTT	isolation_time=20110706;antibiotic_azithromycin=y;antibiotic_aztreonam=y;antibiotic_chloramphenicol=y;morphotype=TMOSH
C107	GGCGAGCCAGTCTGGAGCGACGGCCCGGCGCCGCCTGCCTTGGGGTCCCGCTGACCGACGCACCCGCGCTCCCGACGGGGAACGCTCGCCGTATGCGCAGTACCCACCGTT	isolation_time=20110706;antibiotic_azithromycin=y;antibiotic_aztreonam=y;antibiotic_chloramphenicol=y;morphotype=WMOS
C108	GGCGAGCCAGTCTGGAGGGACGGCCCGGCGCCGCCTGCCTTGGGGTCCCGCTGACCGACGCACCCGCGCTCCCGACGGGGAACGCTCGCCGTATGCGCAGTACCCACCGTT	isolation_time=20110706;antibiotic_azithromycin=y;antibiotic_aztreonam=y;antibiotic_chloramphenicol=y;morphotype=WMOS
C109	GGTAAGCCGGTCTGAAGGCACGGCCCGGCGCCGCCTGACTTGGGGTCCCGCCGATTGACGCGCCCGCGCTCCCGACGGGGGGCGCTCGCCGACCACGCAGCGCCCACCGTT	isolation_time=20110719;antibiotic_aztreonam=y;antibiotic_piperacillin=y;antibiotic_nystatin=y;morphotype=TMOS
C110	GGCGAGCCGGTCTGAAGGCACGGCCCGGCGCCGCCTGACTTGGGGTCCCGCCGATTGACGCGCCCGCGCTCCCGACGGGGGGCGCTCGCCGACCACGCAGCGCCCACCGTT	isolation_time=20110719;antibiotic_aztreonam=y;antibiotic_piperacillin=y;antibiotic_nystatin=y;morphotype=TMOS
C111	GGCGAGCCGGTCTGAAGGCACGGCCCGGCGCCGCCTGACTTGGGGTCCCGCCGATTCACGCGCCCGCGCTCCCGACGGGGGGCGCTCGCCGACCACGCAGCGCCCACCGTT	isolation_time=20110719;antibiotic_aztreonam=y;antibiotic_piperacillin=y;antibiotic_nystatin=y;morphotype=TMOS
C114	GGCGAGCCGGTCTGAAGGCACGGCCCGGCGCCGCCTGACTTGGAGTCCCGCCGACTGACGCGCCCGCGCTCCCGCCGGGGGGCGCTCGCCGACCACGCAGCGCCCACCGTT	isolation_time=20110719;antibiotic_aztreonam=y;antibiotic_piperacillin=y;antibiotic_nystatin=y;morphotype=TNMORH
C115	GGCGAGCCGGTCTGAAGGCACGGCCCGGCGCCGCCTGACTTGGGGTCCCGCCGACTGACGCGCCCGCGCTCCCGCCGGGGGGCGCTCGCCGACCACGCAGCGCCCACCGTT	isolation_time=20110719;antibiotic_aztreonam=y;antibiotic_piperacillin=y;antibiotic_nystatin=y;morphotype=TNMORH
C116	GGCGAGCCGGTCTGAAGGCACGGCCCGGCGCCGCCTGACTTGGAGTCCCGCCGACTGACGCGCCCGCGCTCCCGCCGGGGGGCGCTCGCCGACCACGCAGCGCCCACCGTT	isolation_time=20110719;antibiotic_aztreonam=y;antibiotic_piperacillin=y;antibiotic_nystatin=y;morphotype=TNMORH
C117	GGCGAGCCGGTCTGAAGGCACGGCCCGGCGCCGCCTGACTTGGGGTCCCGCCGATTGACGCGCCCGCGCTCCCGACGGGGGGCGCTCGCCGACCACGCAGCGCCCACCGTT	isolation_time=20110719;antibiotic_aztreonam=y;antibiotic_piperacillin=y;antibiotic_nystatin=y;morphotype=TNMORH
C118	GGCGAGCCGGTCTGAAGGCACGGCCCGGCGCCGCCTGACTTGGAGTCCCGCCGACTGACGCGCCCGCGCTCCCGCCGGGGGGCGCTCGCCGACCACGCAGCGCCCACCGTT	isolation_time=20110719;antibiotic_aztreonam=y;antibiotic_piperacillin=y;antibiotic_nystatin=y;morphotype=TNMORH
C119	GGCGGGCCGGTCTGAAGGCACGGCCCGGCGCCGCCTGACTTGGAGTCCCGCCGACTGACGCGCCCGCGCTCCCGCCGGGGGGCGCTCGCCGACCACGCAGCGCCCACCGTT	isolation_time=20110719;antibiotic_aztreonam=y;antibiotic_piperacillin=y;antibiotic_nystatin=y;morphotype=TNMORH
C121	GGTAAGCTAGTCCGAAGGCACGGCCCGGCGCCGCCTGCCTTGCGGTCCCGCTGACCGACGCACCCGCGCTCCCGACGGGGAACGCTCGCCGACCACGCAGTACCCACCGTT	isolation_time=20110719;antibiotic_aztreonam=y;antibiotic_piperacillin=y;antibiotic_nystatin=y;morphotype=TMOSH
C122	GGCGAGCCAGTCCGAAGGCACGGCCCGGCGCCGCCTGCCTTGGGGTCCCGCTGACCGACGCACCCGCGCTCCCGACGGGGAACGCTCGCCGACCACGCAGTACCCACCGTT	isolation_time=20110719;antibiotic_aztreonam=y;antibiotic_piperacillin=y;antibiotic_nystatin=y;morphotype=TMOSH
C123	GGCGAGCCAGTCCGAAGGCACGGCCCGGCGCCGCCTGCCTTGGGGTCCCGCTGACCGACGCACCCGCGCTCCCGACGGGGAACGCTCGCCGACCACGCAGTACCCACCGTT	isolation_time=20110719;antibiotic_aztreonam=y;antibiotic_piperacillin=y;antibiotic_nystatin=y;morphotype=TMOSH
C124	GGCGAGCCGGTCTGAAGGCACGGCCCGGCGCCGCCTGACTTGGAGTCCCGCCGACTGACGCGCCCGCGCTCCCGCCGGGGGGCGCTCGCCGACCACGCAGCGCCCACCGTT	isolation_time=20110719;antibiotic_aztreonam=y;antibiotic_piperacillin=y;antibiotic_nystatin=y;morphotype=TMOSH
C125	GGCGAGCCAGTCCGAAGGCACGGCCCGGCGCCGCCTGCCTTGGGGTCCCGCTGACCGACGCACCCGCGCTCCCGACGGGGAACGCTCGCCGACCACGCAGTACCCACCGTT	isolation_time=20110719;antibiotic_aztreonam=y;antibiotic_piperacillin=y;antibiotic_nystatin=y;morphotype=TMOSH
C126	GGCGAGCCAGTCTGAAGGCACGGCCCGGCGCCGCCTGCCTTGGGGTCCCGCTGACCGACGCACCCGCGCTCCCGACGGGGAACGCTCGCCGACCACGCAGTACCCACCGTT	isolation_time=20110719;antibiotic_aztreonam=y;antibiotic_piperacillin=y;antibiotic_nystatin=y;morphotype=TMOSH
C127	GGCGAGCCAGTCCGAAGGCACGGCCCGGCGCCGCCTGCCTTGGGGTCCCGCTGACCGACGCACCCGCGCTCCCGACGGGGAACGCTCGCCGACCACGCAGTACCCACCGTT	isolation_time=20110719;antibiotic_aztreonam=y;antibiotic_piperacillin=y;antibiotic_nystatin=y;morphotype=TMOSH
C128	GGCGAGCCGGTCTGAAGGCACGGCCCGGCGCCGCCTGACTTGGGGTCCCGCCGACTGACGCGCCCGCGCTCCCGCCGGGGGGCGCTCGCCGACCACGCAGCGCCCACCGTT	isolation_time=20110719;antibiotic_aztreonam=y;antibiotic_piperacillin=y;antibiotic_nystatin=y;morphotype=RMOS
C129	GGCGAGCCAGTCTGGAGGCACGGCCCGGCGCCGCCTGCCTTGGGGTCCCGCTGACCGACGCACCCGCGCTCCCGACGGGGAACGCTCGCCGACCACGCAGTACCCACCGTT	isolation_time=20110816;antibiotic_collistin=y;antibiotic_aztreonam=y;morphotype=RMOS
C131	GGCGAGCCAGTCTGAAGGCACGGCCCGGCGCCGCCTGCCTTGGGGTCCCGCTGACCGACGCACCCGCGCTCCCAACGGGGAACGCTCGCCGACCACGCAGTACCCACCGTT	isolation_time=20110816;antibiotic_collistin=y;antibiotic_aztreonam=y;morphotype=RMOS
C132	GGCGAGCCAGTCTGAAGGCACGGCCCGGCGCCGCCTGCCTTGGGGTCCCGCTGACCGACGCACTCGCGCTTCCGACAGGGAACGCTCGCTGACCACGCAGTACCCACCGTT	isolation_time=20110816;antibiotic_collistin=y;antibiotic_aztreonam=y;morphotype=RMOS
C133	GGCGAGCCAGTCTGAAGGCACGGCCCGGCGCCGCTTGCCTTGGGGTCCCGCTGACCGACGCACCCGCGCTCCCGATGGGGAACGCTCGCCGACCACGCAATACCCACCGTT	isolation_time=20110816;antibiotic_collistin=y;antibiotic_aztreonam=y;morphotype=RMOS
C134	GGCGAGCCAGTCTGAAGGCACGGCCCGGCGCCGCCTGCCTTGGGGTCCCGCTGACCGACGCACCCGCGCTCCCAACGGGGAACGCTCGCCGACCACGCAGTACCCACCGTT	isolation_time=20110816;antibiotic_collistin=y;antibiotic_aztreonam=y;morphotype=TMOS
C135	GGTGAGCCAGTCTGAAGGCACGGCCCGGCGCCGCCTGCCTTGGGGTCCCGCTGACCGACGCACCCGCGCTTCCGACAGGGAACGCTCGCTGACCACGCAGTACCTACCGTT	isolation_time=20110816;antibiotic_collistin=y;antibiotic_aztreonam=y;morphotype=TMOS
C136	GGCGAGCCAGTCTGAAGGCACGGCCCGGCGCCGCCTGCCTTGGGGTCCCGCTGACCGACGCACCCGCGCTTCCGACAGGGAACGCTCGCTGACCACGCAGTACCCACCGTT	isolation_time=20110816;antibiotic_collistin=y;antibiotic_aztreonam=y;morphotype=TMOS
C137	GGCGAGCCAGTCTGAAGGCACGGCCCGGCGCCGCCTGCCTTGCGGTCCCGCTGACCGACGCACCCGCGCTCCCGACGGGGAACGCTCGCCGACCACGCAGTACCCACCGTT	isolation_time=20110816;antibiotic_collistin=y;antibiotic_aztreonam=y;morphotype=TMOS
C138	GGCGAGCCAGTCTGAAGGCACGGCCCGGCGCCGCCTGCCTTGGGGTCCCGCTGACCGACGCACCCGCGCTTCCGACAGGGAACGCTCGCTGACCACGCAGTACCCACCGTT	isolation_time=20110816;antibiotic_collistin=y;antibiotic_aztreonam=y;morphotype=TMOS
C139	GGCGAGCCAGTCTGAAGGCACGGCCCGGCGCCGCCTGCCTTGGGGTCCCGCTGACCGACGCACCCGCGCTCCCGACGGGGAACGCTCGCCGACCACGCAGTACCCACCGTT	isolation_time=20110816;antibiotic_collistin=y;antibiotic_aztreonam=y;morphotype=TMOS
C140	GGTGAGCCAGTCTGAAGGCACGGCCCGGCGCCGCCTGCCTTGCGGTCCCGCTGACCGACGCACCCGCGCTTCCGACAGGGAACGCTCGCTGACCACGCAGTACCCACCGTT	isolation_time=20110816;antibiotic_collistin=y;antibiotic_aztreonam=y;morphotype=TMOS
C141	GGCGAGCCAGTCTGAAGGCACGGCCCGGCGCCGCCTGCCTTGGGGTCCCGCTGACCGACGCACCCGCGCTCCCGACGGGGAACGCTCGCCGACCACGCAGTACCCACCGTT	isolation_time=20110816;antibiotic_collistin=y;antibiotic_aztreonam=y;morphotype=TMOS
C142	GGCGAGCCGGTCTGAAGGCACGGCCCGGCGCCGCCTGACTTGGGGTCCCGCCGACTGACGCGCCCGCGCTCCCGCCGGGGGGCGCTCGCCGACCACGCAGCGCCCACCGTT	isolation_time=20110816;antibiotic_collistin=y;antibiotic_aztreonam=y;morphotype=BMOS
C143	GGCGAGCCAGTCTGAAGGCACGGCCCGGCGCTGCCTGCCTTGGGGTCCCGCTGACCGACGCACCCGCACTCCCGACGGGGAACGCTCGCCGACCACGCAGTACCCACCGTT	isolation_time=20110816;antibiotic_collistin=y;antibiotic_aztreonam=y;morphotype=BMOS
C145	GGCGAGCCAGTCTGAAGGCACGACCCGGCGCCGCCTGCCTTGGGGTCCCGCTGACCGACGCACCCGCGCTCCCGACGGGGAACGCTCGCCGACCACGCAGTACCCACCGTT	isolation_time=20110816;antibiotic_collistin=y;antibiotic_aztreonam=y;morphotype=BMOS
C146	GGCGAGCCAGTCTGGAGGCACGGCCCGGCGCCGCCTGCCTTGGGGTCCCGCTGACCGACGCACCCGCGCTCCCGACGGGGAACGCTCGCCGACCACGCAGTACCCACCGTT	isolation_time=20110816;antibiotic_collistin=y;antibiotic_aztreonam=y;morphotype=BMOS
C147	GGCGAGCCAGTCTGAAGGCACGGCCCGGCGCCGCCTGCCTTACGGTCCCGCTAACCGACGCACCCGCGCTCCCGATGGGGAACGCTCGCCGACCACGCAGTACCCACCGTT	isolation_time=20110816;antibiotic_collistin=y;antibiotic_aztreonam=y;morphotype=TMOS
C148	GGTGAGCCAGTCTGAAGGCACGGCCCGGCGCCGCCTGCCTTGGGGTCCCGCTGACCGACGCACCCGCGCTCCCGACGGGGAACGCTCGCCGACCACGCAGTACCCACCGCT	isolation_time=20110816;antibiotic_collistin=y;antibiotic_aztreonam=y;morphotype=TMOS
C149	GGCGAGCCAGTCTGAAGGCACGGCCCGGCGCCGCTTGCCTTGGGGTCCCGCTGACCGACGCACCCGCGCTCCCGATGGGGAACGCTCGCCGACCACGCAATACCCACCGTT	isolation_time=20110906;antibiotic_collistin=y;antibiotic_aztreonam=y;morphotype=TMOSH
C151	GGCGAGCCAGTCTGAAGGCACGGCCCGGCGCCGCCTGCCTTGGGGTCCCGCTGACCGACGCACCCGCGCTCCCGACGGGGAACGCTCGCCGACCACGCAGTACCCACCGTT	isolation_time=20110906;antibiotic_collistin=y;antibiotic_aztreonam=y;morphotype=TMOSH
C152	GGCGAGCCAGTCTGGAGGCACGGCCCGGCGCCGCCTGCCTTGGGGTCCCGCTGACCGACGCACCCGCGCTCCCGACGGGGAACGCTCGCCGACCACGCAGTACCCACCGTT	isolation_time=20110906;antibiotic_collistin=y;antibiotic_aztreonam=y;morphotype=TMOSH
C153	GGCGAGCCAGTCTGAAGGCACGGCCCGGCGCCGCCTGCCTTGGGGTCCCGCTGACCGACGCACCCGCGCTTCCGACAGGGAACGCTCGCTGACCACGCAGTACCCACCGTT	isolation_time=20110906;antibiotic_collistin=y;antibiotic_aztreonam=y;morphotype=TMOSH
C154	GGCGAGCCAGTCTGAAGGCACGGCCCGGCGCCGCTTGCCTTGGGGTCCCGCTGACCGACGCACCCGCGCTCCCGACGGGGAACGCTCGCCGACCACGCAGTACCCACCGTT	isolation_time=20110906;antibiotic_collistin=y;antibiotic_aztreonam=y;morphotype=TMOSH
C155	GGCGAGCCAGTCTGGAGGCACGGCCCGGCGCCGCCTGCCTTGGGGTCCTGCTGACCGACGCACCCGCGCTCCCGACGGGGAACGCTCGCCGACCACGCAGTACCCACCGTT	isolation_time=20110906;antibiotic_collistin=y;antibiotic_aztreonam=y;morphotype=TMOSH
C156	GGTAAGCCAGTCTGAAGGCACGGCCCGGCGCCGCCTGCCTTGCGGTCCCGCTGACCGACGCACCCGCGCTTCCGACGGGGAACGCTCGCCGACCACGCAGTACCCACCGTT	isolation_time=20110906;antibiotic_collistin=y;antibiotic_aztreonam=y;morphotype=RMOS
C157	GGTGAGCCAGTCTGAAGGCACGGCCCGGCGCCGCCTGCCTTGGGGTCCCGCTGACCGACGCACCCGCGCTTCCGACGGGGAACGCTCGCCGACCACGCAGTACCCACCGTT	isolation_time=20110906;antibiotic_collistin=y;antibiotic_aztreonam=y;morphotype=RMOS
C159	GGCGAGCCGGTCTGAAGGCACGGCCCGGCGCCGCCTGACTTGGGGTCCCGCCGACTGACGCGCCCGCGCTCCCGCCGGGGGGCGCTCGCCGACCACGCAGCGCCTACCGTT	isolation_time=20110906;antibiotic_collistin=y;antibiotic_aztreonam=y;morphotype=WMTrH
C161	GGCGAGCCAGTCTGAAGGCACGGCCCGGCGCCGCTTGCCTTGGGGTCCCGCTGACCGACGCACCCGCGCTCCCGATGGGGAACGCTCGCCGACCACGCAATACCCACCGTT	isolation_time=20110906;antibiotic_collistin=y;antibiotic_aztreonam=y;morphotype=WMTrH
C163	GGCGAGCCAGTCTGAAGGCACGGCCCGGCGCCGCTTGCCTTGGGGTCCCGCTGACCGACGCACCCGCGCTCCCGATGGGGAACGCTCGCCGACCACGCAATACCCACCGTT	isolation_time=20110906;antibiotic_collistin=y;antibiotic_aztreonam=y;morphotype=WMTrH
C164	GGCGAGCCGGTCTGAAGGCACGGCCCGGCGCCGCCTGACTTGGGGTCCCGCCGACTGACGCGCCCGCGCTCCCGCCGGGGGGCGCTCGCCGACCACGCAGCGCCCACCGTT	isolation_time=20110906;antibiotic_collistin=y;antibiotic_aztreonam=y;morphotype=WMTrH
C165	GGTAAGCCAGTCTGAAGGCACGGCCCGGCGCCGCTTGCCTTGCGGTCCCGCTGACCGACGCACCCGCGCTCCCGATGGGGAACGCTCGCCGACCACGCAATACCCACCGTT	isolation_time=20110906;antibiotic_collistin=y;antibiotic_aztreonam=y;morphotype=WMTrH
C166	GGCGAGCCGGTCTGAAGGCACGGCCCGGCGCCGCCTGACTTGGGGTCCCGCCGACTGACGCGCCCGCGCTCCCGCCGGGGGGCGCTCGCCGACCACGCAGCGCCCACCGTT	isolation_time=20110906;antibiotic_collistin=y;antibiotic_aztreonam=y;morphotype=WMTrH
C167	GGCGAGCCGGTCTGAAGGCACGGCCCGGCGCCGCCTGACTTGGGGTCCCGCCGACTGACGCGCCCGCGCTCCCGCCGGGGGGCGCTCGCCGACCACGCAGCGCCCACCGTT	isolation_time=20110906;antibiotic_collistin=y;antibiotic_aztreonam=y;morphotype=WMTrH
C169	GGCGAGCCAGTCTGAAGGCACGGCCCGGCGCCGCCTGCCTTGGGGTCCCGCTGACCGACGCACCCGCGCTCCCAACGGGGAACGCTCGCCGACCACGCAGTACCCACCGTT	isolation_time=20110804;antibiotic_azithromycin=y;antibiotic_ciprofloxacin=y;antibiotic_flagyl=y;morphotype=WMOSH
C170	GGCGAGCCAGTCTGAAGGCACGGCCCGGCGCCGCCTGCCTTGGGGACCCGCTGACCGACGCACCCGCGCTCCCGACGGGGAACGCTCGCCGACCACGCAGTACCCACCGTT	isolation_time=20110804;antibiotic_azithromycin=y;antibiotic_ciprofloxacin=y;antibiotic_flagyl=y;morphotype=WMOSH
C171	GGCGAGCCAGTCTGAAGGCACGGCCCGGCGCCGCCTGCCTTGGGGTCCCGCTGACCGACGCACCCGCGCTTCCGACGGGAAACGCTCGCCGACCACGCAGTACCCACCGTT	isolation_time=20110804;antibiotic_azithromycin=y;antibiotic_ciprofloxacin=y;antibiotic_flagyl=y;morphotype=YMOS
C172	GGCGAGCCAGTCTGAAGGCACGGCCCGGCGCCGCCTGCCTTGGGGTCCCGCTGACCGACGCACCCGCGCTTCCGACGGGGAACGCTCGCCGACCACGCAGTACCCACCGTT	isolation_time=20110804;antibiotic_azithromycin=y;antibiotic_ciprofloxacin=y;antibiotic_flagyl=y;morphotype=RMOS
C173	GGCGAGCCAGTCTGAAGGCACGGCCCGGCGCCGCCTGCCTTGGGGTCCCGCTGACCGACGCACCCGCGCTTCCGACGGGGAACGCTCGCCGACCACGCAGTACCCACCGTT	isolation_time=20110804;antibiotic_azithromycin=y;antibiotic_ciprofloxacin=y;antibiotic_flagyl=y;morphotype=RMOS
C174	GGCGAGCCAGTCTGAAGGCACGGCCCGGCGCCGCCTGCCTTGGGGTCCCGCTGACCGACGCACCCGCGCTTCCGACGGGGAACGCTCGCCGACCACGCAGTACCCACCGTT	isolation_time=20110804;antibiotic_azithromycin=y;antibiotic_ciprofloxacin=y;antibiotic_flagyl=y;morphotype=RMOS
C176	GGCGAACCAGTCTGAAGGCACGGCCCGGCGCCGCCTGCCTTGGGGTCCCGCTGACCGACGCACCCGCGCTTCCGACGGGGAACGCTCGCCGACCACGCAGTACCCACCGTT	isolation_time=20110804;antibiotic_azithromycin=y;antibiotic_ciprofloxacin=y;antibiotic_flagyl=y;morphotype=RMOS
C177	GGCGAGCCAGTCTGAAGGCACGGCCCGGCGCCGCCTGCCTTGGGGTCCCGCTGACCGACGCACCCGCGCTTCCGACGGGGAACGCTCGCCGACCACGCAGTACCCACCGTT	isolation_time=20110804;antibiotic_azithromycin=y;antibiotic_ciprofloxacin=y;antibiotic_flagyl=y;morphotype=TMOSH
C179	GGCGAGCCAGTCTGAAGGCACGGCCCGGCGCCGCCTGCCTTGGGGTCCCGCTGACCGACGCACCCGCGCTTCCGACGGGGAACGCTCGCCGACCACGCAGTACCCACCGTT	isolation_time=20110804;antibiotic_azithromycin=y;antibiotic_ciprofloxacin=y;antibiotic_flagyl=y;morphotype=TMOSH
C181	GGCGAGCCAGTCTGAAGGCACGGCCCGGCGCCGCCTGCCTTGGGGTCCCGCTGACCGACGCACCCGCGCTTCCGACGGGGAACGCTCGCCGACCACGCAGTACCCACCGTT	isolation_time=20110804;antibiotic_azithromycin=y;antibiotic_ciprofloxacin=y;antibiotic_flagyl=y;morphotype=TMOSH
C183	GGCGAGCCGGCTTGAAGGCACGGCCCGGTGCCGCCTGACTTGGGGTTCCGCCGACTGACGCGCCCGCGCTCCCGACGGGGGGCGCTCGCCGACCACGCAGTACCCACCGTT	isolation_time=20110804;antibiotic_azithromycin=y;antibiotic_ciprofloxacin=y;antibiotic_flagyl=y;morphotype=WMOS
C184	GGCGAGCCAGTCTGAAGGCACGGCCCGGCGCCGCCTGCCTTGGGGTCCCGCTGACCGACGCACCCGCGCTCCCGACGGGGAACGCTCGCCGACCACGCAGTACCCACCGTT	isolation_time=20110804;antibiotic_azithromycin=y;antibiotic_ciprofloxacin=y;antibiotic_flagyl=y;morphotype=WMOS
C186	GGCGAGCCAGTCTGAAGGCACGGCCCGGCGCCGCCTGCCTTGGGGTCCCGCTGACCGACGCACCCGCGCTCCCGACGGGGAACGCTCGCCGACCACGCAGTACCCACCGTT	isolation_time=20110804;antibiotic_azithromycin=y;antibiotic_ciprofloxacin=y;antibiotic_flagyl=y;morphotype=WMOS
C187	GGCGAGCCGGTCTGAAGGCACGGCCCGGCGCCGCCTGACTTGGGGTCCCGCCGACTGACGCGCCCGCGCTCCCGCCGGGGGGCGCTCGCCGACCACGCAGCGCCCACCGTT	isolation_time=20110804;antibiotic_azithromycin=y;antibiotic_ciprofloxacin=y;antibiotic_flagyl=y;morphotype=WMOS
C189	GGCGAGCCAGTCTGAAGGCACGGCCCGGCGCCGCCTGCCTTGGGGTCCCGCTGACCGACGCACTCGCGCTTCCGACAGGGAACGCTCGCTGACCACGCAGTACCCACCGTT	isolation_time=20110811;antibiotic_azithromycin=y;antibiotic_aztreonam=y;antibiotic_ciprofloxacin=y;morphotype=RMOS
C190	GGCGAGCCAGTCTGAAGGCACGGCCCGGCGCCGCTTGCCTTGGGGTCCCGCTGACCGACGCACCCGCGCTCCCGATGGGGAACGCTCGCCGACCACGCAATACCCACCGTT	isolation_time=20110811;antibiotic_azithromycin=y;antibiotic_aztreonam=y;antibiotic_ciprofloxacin=y;morphotype=RMOS
C191	GGCGAGCCAGTCTGAAGGCACGGCCCGGCGCCGCTTGCCTTGGGGTCCCGCTGACCGACGCACCCGCGCTCCCGATGGGGAACGCTCGCCGACCACGCAATACCCACCGTT	isolation_time=20110811;antibiotic_azithromycin=y;antibiotic_aztreonam=y;antibiotic_ciprofloxacin=y;morphotype=RMOS
C193	GGCGAGCCAGTCTGAAGGCACGGCCCGGCGCCGCCTGCCTTAGGGTCCCGCTAACCGACGCACCCGCGCTCCCGATGGGGAACGCTCGCCGACCACGCAGTACCCACCGTT	isolation_time=20110811;antibiotic_azithromycin=y;antibiotic_aztreonam=y;antibiotic_ciprofloxacin=y;morphotype=RMOS
C194	GGTAAGCCGGTCTGAAGGCACGGCCCGGCGCCGCCTGACTTGGAGTCCCGCCGACTGACGCGCCCGCGCTCCTGCCGGGGGGCGCTCGCCGACCACGCAGCGCCCACCGTT	isolation_time=20110811;antibiotic_azithromycin=y;antibiotic_aztreonam=y;antibiotic_ciprofloxacin=y;morphotype=ONMORH
C196	GGCGAGCCGGTCTGAAGGCACGGCCCGGCGCCGCCTGACTTGGAGTCCCGCCGACTGACGCGCCCGCGCTCCCGCCGGGGGGCGCTCGCCGACCACGCAGCGCCCACCGTT	isolation_time=20110811;antibiotic_azithromycin=y;antibiotic_aztreonam=y;antibiotic_ciprofloxacin=y;morphotype=ONMORH
C197	GGCGAGCCGGTCTGAAGGCACGGCCCGGCGCCGCCTGACTTGGGGTCCCGCCGACTGACGCGCCCGCGCTCCCGCCGGGGGGCGCTCGCCGACCACGCAGCGCCCACCGTT	isolation_time=20110811;antibiotic_azithromycin=y;antibiotic_aztreonam=y;antibiotic_ciprofloxacin=y;morphotype=ONMORH
C199	GGCGAGCCAGTCTGGAGGCACGGCCCGGCGCCGCCTGCCTTGGGGTCCCGCTGACCGACGCACCCGCGCTCCCGACGGGGAACGCTCGCCGACCACGCAGTACCCACCGTT	isolation_time=20110811;antibiotic_azithromycin=y;antibiotic_aztreonam=y;antibiotic_ciprofloxacin=y;morphotype=TMOS
C200	GGCGAGCCAGTCTGAAGGCACGGCCCGGCGCCGCCTGCCTTAGGGTCCCGCTAACCGACGCACCCGCGCTCCCGATGGGGAACGCTCGCCGACCACGCAGTACCCACCGTT	isolation_time=20110811;antibiotic_azithromycin=y;antibiotic_aztreonam=y;antibiotic_ciprofloxacin=y;morphotype=TMOS
C201	GGCGAGCCAGTCTGAAGGCACGGCCCGGCGCCGCCTGCCTTGGGGTCCCGCTGACCGACGCACCCGCGCTTCCGACGGGGAACGCTCGCCGACCACGCAGTACCCACCGTT	isolation_time=20110811;antibiotic_azithromycin=y;antibiotic_aztreonam=y;antibiotic_ciprofloxacin=y;morphotype=TMOS
C203	GGCGAGCCAGTCTGGAGGCACGGCCCGGCGCCGCCTGCCTTGGGGTCCCGCTGACCGACGCACCCGCGCTCCCGACGGGGAACGCTCGCCGACCACGCAGTACCCACCGTT	isolation_time=20110811;antibiotic_azithromycin=y;antibiotic_aztreonam=y;antibiotic_ciprofloxacin=y;morphotype=TMOS
C204	GGCGAGCCAGTCTGGAGGCACGGCCCGGCGCCGCCTGCCTTGGGGTCCCGCTGACCGACGCACCCGCGCTCCCGACGGGGAACGCTCGCCGACCACGCAGTACCCACCGTT	isolation_time=20110811;antibiotic_azithromycin=y;antibiotic_aztreonam=y;antibiotic_ciprofloxacin=y;morphotype=TMOS
C206	GGCGAGCCAGTCTGAAGGCACGGCCCGGCGCCGCTTGCCTTGGGGTCCCGCTGACCGACGCACCCGCGCTCCCGATGGGGAACGCTCGCCGACCACGCAATACCCACCGTT	isolation_time=20110818;antibiotic_azithromycin=y;antibiotic_aztreonam=y;antibiotic_ciprofloxacin=y;morphotype=TMOS
C207	GGCGAGCCAGTCTGAAGGCACGGTCCGGCGCCGCCTGCCTTGGGGTCCCGCTGACCGACGCACCCGCGCTCCCGACGGGGAACGCTCGCCGACCACGCAGTACCCACCCCT	isolation_time=20110818;antibiotic_azithromycin=y;antibiotic_aztreonam=y;antibiotic_ciprofloxacin=y;morphotype=TMOS
C209	GGCGAGCCGGTCTGAAGGCACGGCCCGGCGCCGCCTGACTTGGGGTCTCGCCGACTGACGCGCCCGCGCTCCCGCCGGGGGGCGCTCGCCGACCACGCAGCGCCCACCGTT	isolation_time=20110818;antibiotic_azithromycin=y;antibiotic_aztreonam=y;antibiotic_ciprofloxacin=y;morphotype=TMOS
C210	GGCGAGCCGGTCTGAAGGCACGGCCCGGCGCCGCCTGACTTGCGGTCCCGCCGACTGACGCGCCCGCGCTCCCGCCGGGGGGCGCTCGCCGACCACGCAGCGCCCACCGTT	isolation_time=20110818;antibiotic_azithromycin=y;antibiotic_aztreonam=y;antibiotic_ciprofloxacin=y;morphotype=WMTrS
C211	GGCGAGCCGGTCTGAAGGCACGGCCCGGCGCCGCCTGACTTGCGGTCCCGCCGACTGACGCGCCCGCGCTCCCGCCGGGGGGCGCTCGCCGACCACGCAGCGCCCACCGTT	isolation_time=20110818;antibiotic_azithromycin=y;antibiotic_aztreonam=y;antibiotic_ciprofloxacin=y;morphotype=WMTrS
C213	GGCGAGCCGGTCTGAAGGCACGGCCCGGCGCCGCCTGACTTGGGGTCCCGCCGACTGACGCGCCCGCGCTCCCGCCGGGGGGCGCTCGCCGACCACGCAGCGCCCACCGTT	isolation_time=20110818;antibiotic_azithromycin=y;antibiotic_aztreonam=y;antibiotic_ciprofloxacin=y;morphotype=WMTrS
C214	GGCGAGCCGGTCTGAAGGCACGGCCCGGCGCCGCCTGACTTGGGGTCCCGCCGACTGACGCGCCCGCGCTCCCGCCGGGGGGCGCTCGCCGACCACGCAGCGCCCACCGTT	isolation_time=20110818;antibiotic_azithromycin=y;antibiotic_aztreonam=y;antibiotic_ciprofloxacin=y;morphotype=WMTrS
C216	GGCGAGCCGGTCTGAAGGCACGGCCCGGCGCCGCCTGACTTGGGGTCCCGCCGACTGACGCGCCCGCGCTCCCGCCGGGGGGCGCTCGCCGACCACGCAGCACCCACCGTT	isolation_time=20110818;antibiotic_azithromycin=y;antibiotic_aztreonam=y;antibiotic_ciprofloxacin=y;morphotype=WMOS
C217	GGCGAGCCAGTCTGAAGGCACGGCCCGGCGCCGCTTGCCTTGGGGTCCCGCTGACCGACGCACCCGCGCTCCCGATGGGGAACGCTCGCCGACCACGCAATACCCACCGTT	isolation_time=20110818;antibiotic_azithromycin=y;antibiotic_aztreonam=y;antibiotic_ciprofloxacin=y;morphotype=WMOS
C219	GGCGAGCCAGTCTGAAGGCACGGTCCGGCGCCGCCTGCCTTGGGGTCCCGCTGACCGACGCACCCGCGCTCCCGACGGGGAACGCTCGCCGACCACGCAGTACCCACCGTT	isolation_time=20110818;antibiotic_azithromycin=y;antibiotic_aztreonam=y;antibiotic_ciprofloxacin=y;morphotype=WMOS
C220	GGCGAGCCAGTCTGGAGGCACGGCCCGGCGCCGCCTGCCTTGGGGTCCCGCTGACCGACGCACCCGCGCTCCCGACGGGGAACGCTCGCCGACCACGCAGTACCCACCGTT	isolation_time=20110818;antibiotic_azithromycin=y;antibiotic_aztreonam=y;antibiotic_ciprofloxacin=y;morphotype=WMOS
C221	GGCGAGCCAGTCTGAAGGCACGGCCCGGCGCCGCCTGCCTTGGGGTCCCGCTGACCGACGCACCCGCGCTCCCGACGGGGAACGCTCGCCGACCACGCAGTACCCACCGTT	isolation_time=20110818;antibiotic_azithromycin=y;antibiotic_aztreonam=y;antibiotic_ciprofloxacin=y;morphotype=WMOS
C222	GGTAAGCCGATCTGAAGGCACGGCTCGGCGCCACCTGACTCGCGGTCCCGTCGCCTGATGTGCCCGCGCTCTTGACGGGGGGCGCTCACCGACCACGCGGTACTCCCCGTT	isolation_time=20110818;antibiotic_azithromycin=y;antibiotic_aztreonam=y;antibiotic_ciprofloxacin=y;morphotype=WMOS
C223	GGCGAGCCGGTCTGAAGGCCCGGCCCGGCGCCGCCTGACTTGGGGTCCCGCCGATTGACGCGCCCGCGCTCCCGACGGGGGGCGCTCGCCGACCACGCAGCGCCCACCGTT	isolation_time=20111101;antibiotic_azithromycin=y;antibiotic_aztreonam=y;antibiotic_ciprofloxacin=y;antibiotic_flagyl=y;morphotype=WMOS
C224	GGCGAGCCAGTCTGAAGGCACGGCCCGGCGCCGCCTGCCTTAGGGTCCCGCTAACCGGCGCACCCGCGCTCCCGATGGGGAACGCTCGCCGACCACGCAGTACCCACCGTT	isolation_time=20111101;antibiotic_azithromycin=y;antibiotic_aztreonam=y;antibiotic_ciprofloxacin=y;antibiotic_flagyl=y;morphotype=WMOS
C226	GGCGAGCCAGTCTGGAGGCACGGCCCGGCGCCGCCTGCCCTGGGGTCCCGCTGACCGACGCACCCGCGCTCCCGACGGGGAACGCTCGCCGACCACGCAGTACCCACCGTT	isolation_time=20111101;antibiotic_azithromycin=y;antibiotic_aztreonam=y;antibiotic_ciprofloxacin=y;antibiotic_flagyl=y;morphotype=WMOS
C227	GGCGAGCCAGTCTGAAGGCACGGCCCGGCGCCGCTTGCCTTGGGGTCCCGCTGACCGACGCACCCGCGCTCCTGATGGGGAACGCTCGCCGACCACGCAATACCCACCGTT	isolation_time=20111101;antibiotic_azithromycin=y;antibiotic_aztreonam=y;antibiotic_ciprofloxacin=y;antibiotic_flagyl=y;morphotype=WMOS
C229	GGCGAGCCGATCTGAGGGCACGGCCCGGCGTCGCCTAACTCGGGGTCCCGTCGCCTGACGCGCCCGCGCTCCCGACGGGGGGCACTCGCCGACCACGCGGTACCCCCCGTT	isolation_time=20111101;antibiotic_azithromycin=y;antibiotic_aztreonam=y;antibiotic_ciprofloxacin=y;antibiotic_flagyl=y;morphotype=WMOS
C231	GGCGAGCCAGTCTGGAGGCACGGCCCGGCGCCGCCTGCCTTGCGGTCCCGCTGACCGACGCACCCGCGCTCCCGACGGGGAACGCTCGCCGACCACGCAGTACCCACCGTT	isolation_time=20111101;antibiotic_azithromycin=y;antibiotic_aztreonam=y;antibiotic_ciprofloxacin=y;antibiotic_flagyl=y;morphotype=WMOS
C232	GGCGAGCCAGTCTGAAGGCACGGCCCGGCGCCGCCTGCCTTACGGTCCCGCTAACCGACGCACCCGCGCTCCCGATGGGGAACGCTCGCCGACCACGCAGTACCCACCGCT	isolation_time=20111101;antibiotic_azithromycin=y;antibiotic_aztreonam=y;antibiotic_ciprofloxacin=y;antibiotic_flagyl=y;morphotype=WMOS
C233	GGCGAGCCAGTCTGGAGGCACGGCCCGGCGCCGCCTGCCTTGGGGTCCCGCTGACCGACGCACCCGCGCTCCCGACGGGGAACGCTCGCCGACCACGCAGTACCCACCGTT	isolation_time=20111101;antibiotic_azithromycin=y;antibiotic_aztreonam=y;antibiotic_ciprofloxacin=y;antibiotic_flagyl=y;morphotype=WMOS
C234	GGCGAGCCAGTCTGGAGGCACGGCCCGGCGCCGCCTGCCTTGGGGTCCCGCTGACCGACGCACCCGCGCTCCCGACGGGGAACGCTCGCCGACCACGCAGTACCCACCGTT	isolation_time=20111101;antibiotic_azithromycin=y;antibiotic_aztreonam=y;antibiotic_ciprofloxacin=y;antibiotic_flagyl=y;morphotype=WMOS
C236	GGCGAGCCAGTCTGAAGGCACGGCCCGGCGCCGCCTGCCTTAGGGTCCCGCTAACCGACGCACCCGCGCTCCCGATGGGGAACGCTCGCCGACCACGCAGTACCCACCGTT	isolation_time=20111101;antibiotic_azithromycin=y;antibiotic_aztreonam=y;antibiotic_ciprofloxacin=y;antibiotic_flagyl=y;morphotype=WMOS
C237	GGCGAGCCAGTCTGGAGGCACGGCCCGGCGCCGCCTGCCCTGGGGTCCCGCTGACCGACGCACCCGCGCTCCCGACGGGGAACGCTCGCCGACCACGCAGTACCCACCGTT	isolation_time=20111101;antibiotic_azithromycin=y;antibiotic_aztreonam=y;antibiotic_ciprofloxacin=y;antibiotic_flagyl=y;morphotype=WMOS
C238	GGCGAGCCAGTCTGAAGGCACGGCCCGGCGCCGCCTGCCTTAGGGTCCCGCTAACCGACGCACCCGCGCTCCCGATGGGGAACGCTCGCCGACCACGCAGTACCCACCGTT	isolation_time=20111101;antibiotic_azithromycin=y;antibiotic_aztreonam=y;antibiotic_ciprofloxacin=y;antibiotic_flagyl=y;morphotype=SCV
